task_id,task_name,task_description,start_date,completion_date,assigned_owner,risk_level,completion_percentage
PRJ-091-001,Project Kickoff,Initial project kickoff meeting and team alignment,2023-01-05,2023-01-06,Sarah Johnson,Low,100
PRJ-091-002,Requirements Gathering,Document detailed project requirements,2023-01-07,2023-01-20,Michael Chen,Medium,100
PRJ-091-003,Stakeholder Interviews,Conduct key stakeholder interviews,2023-01-21,2023-02-03,David Wilson,Low,100
PRJ-091-004,Technical Specification,Create technical specification document,2023-02-04,2023-02-18,Emily Parker,High,100
PRJ-091-005,Architecture Design,Design system architecture,2023-02-19,2023-03-05,James Rodriguez,High,100
PRJ-091-006,Database Design,Design database schema and relationships,2023-03-06,2023-03-20,Lisa Wong,Medium,95
PRJ-091-007,UI/UX Design,Create user interface wireframes,2023-03-21,2023-04-03,Sarah Johnson,Medium,95
PRJ-091-008,Frontend Development - Phase 1,Develop core UI components,2023-04-04,2023-04-17,Tom Anderson,Medium,90
PRJ-091-009,Backend Development - Phase 1,Implement core API functionality,2023-04-18,2023-05-01,Michael Chen,High,85
PRJ-091-010,Data Migration Planning,Create data migration strategy,2023-05-02,2023-05-15,Patricia Moore,Medium,80
PRJ-091-011,Security Framework,Implement security protocols,2023-05-16,2023-05-29,Robert Brown,Critical,75
PRJ-091-012,Unit Testing Setup,Configure testing environment,2023-05-30,2023-06-12,David Wilson,Low,70
PRJ-091-013,Integration Framework,Set up integration testing framework,2023-06-13,2023-06-26,Emily Parker,Medium,65
PRJ-091-014,Performance Testing - Phase 1,Initial performance testing,2023-06-27,2023-07-10,James Rodriguez,High,60
PRJ-091-015,Documentation - Phase 1,Create initial documentation,2023-07-11,2023-07-24,Lisa Wong,Low,55
PRJ-091-016,Frontend Development - Phase 2,Advanced UI features implementation,2023-07-25,2023-08-07,Sarah Johnson,Medium,50
PRJ-091-017,Backend Development - Phase 2,Advanced API implementation,2023-08-08,2023-08-21,Tom Anderson,High,45
PRJ-091-018,Database Migration,Execute data migration,2023-08-22,2023-09-04,Michael Chen,Critical,40
PRJ-091-019,Security Testing,Comprehensive security testing,2023-09-05,2023-09-18,Patricia Moore,High,35
PRJ-091-020,User Acceptance Testing - Phase 1,Initial UAT round,2023-09-19,2023-10-02,Robert Brown,Medium,30
PRJ-091-021,Bug Fixes - Sprint 1,Address high-priority issues,2023-10-03,2023-10-16,David Wilson,Medium,25
PRJ-091-022,Performance Optimization,System optimization tasks,2023-10-17,2023-10-30,Emily Parker,High,20
PRJ-091-023,Documentation - Phase 2,Update system documentation,2023-10-31,2023-11-13,James Rodriguez,Low,15
PRJ-091-024,Deployment Planning,Prepare deployment strategy,2023-11-14,2023-11-27,Lisa Wong,High,10
PRJ-091-025,Final Testing,Comprehensive system testing,2023-11-28,2023-12-11,Sarah Johnson,High,5
PRJ-091-026,Infrastructure Setup,Configure production environment,2023-12-12,2023-12-25,Tom Anderson,Critical,0
PRJ-091-027,Compliance Review,Ensure regulatory compliance,2023-12-26,2024-01-08,Michael Chen,High,0
PRJ-091-028,User Training Materials,Create training documentation,2024-01-09,2024-01-22,Patricia Moore,Medium,0
PRJ-091-029,Stakeholder Demo,Present system to stakeholders,2024-01-23,2024-02-05,Robert Brown,Low,0
PRJ-091-030,Go-Live Planning,Prepare go-live strategy,2024-02-06,2024-02-19,David Wilson,Critical,0
PRJ-091-031,Backup Systems Setup,Configure backup and recovery,2024-02-20,2024-03-04,Emily Parker,High,0
PRJ-091-032,Monitoring Setup,Implement system monitoring,2024-03-05,2024-03-18,James Rodriguez,Medium,0
PRJ-091-033,Disaster Recovery Plan,Create disaster recovery procedures,2024-03-19,2024-04-01,Lisa Wong,High,0
PRJ-091-034,Performance Testing - Phase 2,Final performance testing,2024-04-02,2024-04-15,Sarah Johnson,High,0
PRJ-091-035,Security Audit,Final security assessment,2024-04-16,2024-04-29,Tom Anderson,Critical,0
PRJ-091-036,User Acceptance Testing - Phase 2,Final UAT round,2024-04-30,2024-05-13,Michael Chen,Medium,0
PRJ-091-037,Bug Fixes - Sprint 2,Address remaining issues,2024-05-14,2024-05-27,Patricia Moore,Medium,0
PRJ-091-038,Documentation Finalization,Complete all documentation,2024-05-28,2024-06-10,Robert Brown,Low,0
PRJ-091-039,Production Deployment,System deployment to production,2024-06-11,2024-06-24,David Wilson,Critical,0
PRJ-091-040,Post-Deployment Testing,Verify production environment,2024-06-25,2024-07-08,Emily Parker,High,0
PRJ-091-041,User Training Sessions,Conduct user training,2024-07-09,2024-07-22,James Rodriguez,Medium,0
PRJ-091-042,Performance Monitoring,Monitor system performance,2024-07-23,2024-08-05,Lisa Wong,Medium,0
PRJ-091-043,Issue Resolution,Address post-deployment issues,2024-08-06,2024-08-19,Sarah Johnson,High,0
PRJ-091-044,System Optimization,Optimize system performance,2024-08-20,2024-09-02,Tom Anderson,Medium,0
PRJ-091-045,User Feedback Collection,Gather and analyze user feedback,2024-09-03,2024-09-16,Michael Chen,Low,0
PRJ-091-046,Feature Enhancement Planning,Plan future enhancements,2024-09-17,2024-09-30,Patricia Moore,Medium,0
PRJ-091-047,Maintenance Schedule,Establish maintenance procedures,2024-10-01,2024-10-14,Robert Brown,Low,0
PRJ-091-048,Documentation Updates,Update system documentation,2024-10-15,2024-10-28,David Wilson,Low,0
PRJ-091-049,Performance Review,Review system performance metrics,2024-10-29,2024-11-11,Emily Parker,Medium,0
PRJ-091-050,Project Closure,Complete project closing activities,2024-11-12,2024-11-25,James Rodriguez,Low,0
PRJ-075-001,Market Research,Analyze market opportunities,2023-03-01,2023-03-14,Lisa Wong,Medium,100
